CREATE TABLE ZIPCODES(
ZIP NUMBER(6) PRIMARY KEY,
CITY VARCHAR2(30));

CREATE TABLE EMPLOYEES(
ENO NUMBER PRIMARY KEY,
ENAME VARCHAR2(25),
ZIP NUMBER(6) REFERENCES ZIPCODES(ZIP),
HDATE DATE);

CREATE TABLE CUSTOMERS(
CNO NUMBER PRIMARY KEY,
CNAME VARCHAR2(25),
STREET VARCHAR2(25),
ZIP NUMBER(6) REFERENCES ZIPCODES(ZIP),
PHONE NUMBER(10));

CREATE TABLE PARTS(
PNO NUMBER PRIMARY KEY,
PNAME VARCHAR2(25),
QOH NUMBER,
PRICE NUMBER,
LVL NUMBER);

CREATE TABLE ORDERS(
ONO NUMBER PRIMARY KEY,
CNO NUMBER REFERENCES CUSTOMERS(CNO),
ENO NUMBER REFERENCES EMPLOYEES(ENO),
PRECEIVED DATE,
SHIPPED DATE);

CREATE TABLE ODETAILS(
ONO NUMBER REFERENCES ORDERS(ONO),
PNO NUMBER REFERENCES PARTS(PNO),
QTY NUMBER,
PRIMARY KEY(ONO,PNO));

INSERT INTO ZIPCODES VALUES(700010,'Garia');
INSERT INTO ZIPCODES VALUES(700020,'Kolkata');
INSERT INTO ZIPCODES VALUES(700030,'Howrah');
INSERT INTO ZIPCODES VALUES(700040,'Behala');
INSERT INTO ZIPCODES VALUES(700050,'New Garia');


INSERT INTO EMPLOYEES VALUES(1,'Micheal Rodgers',700010,'01-JAN-2000');
INSERT INTO EMPLOYEES VALUES(2,'Charles Brown',700020,'01-JAN-2000');
INSERT INTO EMPLOYEES VALUES(3,'Charles Valdez',700030,'01-JAN-2000');
INSERT INTO EMPLOYEES VALUES(4,'Fred Garcia',700040,'01-JAN-2000');
INSERT INTO EMPLOYEES VALUES(5,'Terry Ellison',700050,'01-JAN-2000');


INSERT INTO CUSTOMERS VALUES(1,'Scott Lee','Panchanan Mukherjee Road','700010',7867564598);
INSERT INTO CUSTOMERS VALUES(2,'Paul Campbell','Rajendra Street','700020',7867564498);
INSERT INTO CUSTOMERS VALUES(3,'Charles Brown','Panchanan Mukherjee Road','700030',7867564498);
INSERT INTO CUSTOMERS VALUES(4,'Philip Hodges','Shiv Pur Road','700040',7867564498);
INSERT INTO CUSTOMERS VALUES(5,'Kayla Singh','Panchanan Mukherjee Road','700050',7867564498);


INSERT INTO PARTS VALUES(1,'Nut',1000,10,100);
INSERT INTO PARTS VALUES(2,'Bolt',1000,10,100);
INSERT INTO PARTS VALUES(3,'Screw',1000,10,100);
INSERT INTO PARTS VALUES(4,'Wire',6000,10,300);
INSERT INTO PARTS VALUES(5,'Cable',3000,100,200);


INSERT INTO ORDERS VALUES(1,1,1,'12-FEB-2022','12-JAN-2022');
INSERT INTO ORDERS VALUES(2,2,5,'11-FEB-2022','10-FEB-2022');
INSERT INTO ORDERS VALUES(3,3,1,'22-MAR-2022','10-MAR-2022');
INSERT INTO ORDERS VALUES(4,4,3,'12-JAN-2021','06-JAN-2022');
INSERT INTO ORDERS VALUES(5,1,1,'28-FEB-2022','01-MAR-2021');


INSERT INTO ODETAILS VALUES(1,1,10);


SELECT PNO,PNAME FROM PARTS WHERE PRICE<20;

SELECT DISTINCT(PNO) FROM ODETAILS;

SELECT * FROM CUSTOMERS WHERE CNAME LIKE 'S%';

SELECT O.ONO,C.CNAME FROM ORDERS O,CUSTOMERS C WHERE C.CNO=O.CNO AND O.SHIPPED IS NULL;

SELECT C.CNAME,E.ENAME FROM ORDERS O,CUSTOMERS C,EMPLOYEES E WHERE O.CNO=C.CNO AND O.ENO=E.ENO;

SELECT ENAME FROM EMPLOYEES WHERE HDATE=(SELECT MIN(HDATE) FROM EMPLOYEES);

SELECT PNO,PNAME,PRICE FROM PARTS WHERE PRICE>20000 ORDER BY PNO;

----------->>>>>SELECT P.PNO,P.PNAME,P.PRICE*O.QTY FROM PARTS P,ODETAILS O WHERE P.PNO=O.PNO;

SELECT SUM(QTY) FROM ODETAILS WHERE PNO=10601;

SELECT E.ENO FROM EMPLOYEES E,ZIPCODES Z WHERE E.ZIP=Z.ZIP AND Z.CITY LIKE 'Mumbai'; 